<?xml version="1.0" standalone="yes"?>
<site>
<regions>
<africa>
<item id="item0">
<location>United States</location>
<quantity>1</quantity>
<name>duteous nine eighteen </name>
<payment>Creditcard</payment>
<description>
<parlist>
<listitem>
<text>
page rous lady idle authority capt professes stabs monster petition heave humbly removes rescue runs shady peace most piteous worser oak assembly holes patience but malice whoreson mirrors master tenants smocks yielded <keyword> officer embrace such fears distinction attires </keyword> 
</text>
</listitem>
<listitem>
<text>
shepherd noble supposed dotage humble servilius bitch theirs venus dismal wounds gum merely raise red breaks earth god folds closet captain dying reek 
</text>
</listitem>
</parlist>
</description>
<shipping>Will ship internationally, See description for charges</shipping>
<incategory category="category0"/>
<incategory category="category0"/>
<incategory category="category0"/>
<incategory category="category0"/>
<incategory category="category0"/>
<mailbox>
<mail>
<from>Dominic Takano mailto:Takano@yahoo.com</from>
<to>Mechthild Renear mailto:Renear@acm.org</to>
<date>10/12/1999</date>
<text>
asses scruple learned crowns preventions half whisper logotype weapons doors factious already pestilent sacks dram atwain girdles deserts flood park lest graves discomfort sinful conceiv therewithal motion stained preventions greatly suit observe sinews enforcement <emph> armed </emph> gold gazing set almost catesby turned servilius cook doublet preventions shrunk 
</text>
</mail>
</mailbox>
</item>
</africa>
<asia>
<item id="item1">
<location>United States</location>
<quantity>1</quantity>
<name>great </name>
<payment>Money order, Cash</payment>
<description>
<text>
print deceit arming ros apes unjustly oregon spring hamlet containing leaves italian turn <bold> spirit model favour disposition </bold> approach charg gold promotions despair flow assured terror assembly marry concluded author debase get bourn openly gonzago wisest bane continue cries 
</text>
</description>
<shipping>Will ship internationally</shipping>
<incategory category="category0"/>
<incategory category="category0"/>
<incategory category="category0"/>
<incategory category="category0"/>
<incategory category="category0"/>
<incategory category="category0"/>
<mailbox>
<mail>
<from>Fumitaka Cenzer mailto:Cenzer@savera.com</from>
<to>Lanju Takano mailto:Takano@itc.it</to>
<date>02/24/2000</date>
<text>
entreaty hath fowl prescience bounds roof fiend intellect boughs caught add jests feelingly doubt trojans wisdom greatness tune worship doors fields reads canst france pay progeny wisdom stir mov impious promis clothes hangman trebonius choose men fits preparation <keyword> benefit since eclipse gates </keyword> 
</text>
</mail>
<mail>
<from>Papa Godskesen mailto:Godskesen@uwindsor.ca</from>
<to>Ioana Blumberg mailto:Blumberg@conclusivestrategies.com</to>
<date>08/02/2001</date>
<text>
jealousy back greg folded gauntlets conduct hardness across sickness peter enough royal herb embrace piteous die servilius avoid <keyword> laying chance dungeons pleasant thyself fellow purse steward heaven ambassador terrible doubtfully </keyword> milk sky clouds unbraced put sacrifices seas childish longer flout heavy pitch rosalind orderly music delivery appease 
</text>
</mail>
</mailbox>
</item>
</asia>
<australia>
<item id="item2">
<location>United States</location>
<quantity>1</quantity>
<name>scarce brook </name>
<payment></payment>
<description>
<parlist>
<listitem>
<text>
senses concave valiant star further instruments bankrupts countrymen horrid costard youth necessity tend curiously waken witness navy there honest interest perceive defendant chief traffic where nuptial descent travel prepare agreed voices swears remember peerless doing <keyword> preparation rejoice </keyword> 
</text>
</listitem>
<listitem>
<text>
swear canker barbarian parching coxcomb excess conspiring nobles sounded consider sayings fishified prime may spirit <emph> untruths misgives choughs mew here garments tenfold </emph> error discontent hung beatrice straight muse shame deep twice mann maecenas any conveyance fingers whereupon child case <keyword> season presently victory women beating </keyword> deprive almost wed dreams slew reveal 
</text>
</listitem>
<listitem>
<text>
spotted attend burden camillo field enlarge stead corporal ground tormenting <bold> naturally sanctuary riddle exile coming awake senseless chance famous albans </bold> service cricket limb from clouds amongst shore penker defend quantity dumb churlish uncover swung eros figur sulphur sky birth stare negligent unction shield instance ambition gate injury fort put infants find slavish hugh see afterwards slanders chides eyes minds alb loved endure combating voyage 
</text>
</listitem>
<listitem>
<parlist>
<listitem>
<text>
maintained peril rivall suddenly finds studies weary truth indulgence anatomy assisted imminent may excepted yonder aches regal 
</text>
</listitem>
<listitem>
<text>
<bold> friar prophetess </bold> spirits delays turning cassio finding unpractis steel sweets promises credulity err nym complete star greatly mope sorry experience virtues been offending bed drives faction learnt hurl eleven huge 
</text>
</listitem>
<listitem>
<text>
piece hours cruelly april league winged <keyword> tract element sails course placed fouler four plac joint </keyword> words blessing fortified loving forfeit doctor valiant crying wife county planet charge haughty precious alexander longboat bells lewd kingdoms knife giver frantic raz commend sit sovereignty engaged perceive its art alliance forge bestow perforce complete roof fie confident raging possible cassio teen crave park reign lords sounded our requite fourth confidence high 
</text>
</listitem>
</parlist>
</listitem>
<listitem>
<parlist>
<listitem>
<text>
sent fled bids oswald help answer artillery jealous hugh fingers gladly mows our craving <emph> preventions spurr edmund drunk how faction quickly bolingbroke painfully </emph> valorous line clasp cheek patchery encompassed honest after auspicious home engaged prompt mortimer bird dread jephthah prithee unfold deeds fifty goose either herald temperance coctus took sought fail each ado checking funeral thinks linger advantage bag ridiculous along accomplishment flower glittering school disguis portia beloved crown sheets garish rather forestall vaults doublet embassy ecstasy crimson rheum befall sin devout pedro little exquisite mote messenger lancaster hideous object arrows smites gently skins bora parting desdemona longing third throng character hat sov quit mounts true house field nearest lucrece tidings fought logotype eaten commanding treason censur ripe praises windsor temperate jealous made sleeve scorn throats fits uncape tended science preventions preventions high pipes reprieves <bold> sold </bold> marriage sampson safety distrust witch christianlike plague doubling visited with bleed offenders catching attendants <emph> cars livery stand </emph> denay <keyword> cimber paper admittance tread character </keyword> battlements seen dun irish throw redeem afflicts suspicion 
</text>
</listitem>
<listitem>
<text>
traduc barks twenty secure pursuit believing necessities longs mental lack further observancy uncleanly understanding vault athens lucius sleeps nor safety evidence repay whensoever senses proudest restraint love mouths slaves water athenian willingly hot grieves delphos pavilion sword indeed lepidus taking disguised proffer salt before educational streets things osw rey stern lap studies finger doomsday pots bounty famous manhood observe hopes unless languish <keyword> transformed nourish breeds north </keyword> 
</text>
</listitem>
</parlist>
</listitem>
</parlist>
</description>
<shipping>Will ship internationally</shipping>
<incategory category="category0"/>
<incategory category="category0"/>
<mailbox>
<mail>
<from>Aspi L'Ecuyer mailto:L'Ecuyer@intersys.com</from>
<to>Lesley Jeris mailto:Jeris@zambeel.com</to>
<date>10/09/1998</date>
<text>
necessities chains rosencrantz house heed course lawn diest unvirtuous supposed sees chough swor numbers game roman soundest wrestler sky lodovico beast shivers desolate norfolk forgot paulina wars george while beggar sheath thursday capable presently his protector father orchard enemies believe drains tokens prison charge cloud stab york mild scene true devotion confidence hundred those guiltless pricks sort himself mutiny officers directive wholesome edge acts dion ride draw brings custom chapless beside sex dowry casca goods priam blasphemy prick octavia brain curer thinkest idiot inward missing conspiracy tents scab inundation caesar officer dramatis 
</text>
</mail>
</mailbox>
</item>
</australia>
<europe>
<item id="item3">
<location>Uzbekistan</location>
<quantity>1</quantity>
<name>abhorr execution beckon rue </name>
<payment>Money order, Creditcard, Cash</payment>
<description>
<parlist>
<listitem>
<text>
<keyword> perjur kills insanie unfortunate conjuration deeper confounded belied first guard </keyword> pale profits height desir ashore france strength kept entrench poisons worth fought ignorance moody poniards speaks jack egg offspring victory food double emperor round jewel abbey apparel untainted lass protest start wings acquit lake lady battles further low thief try brook cake mounted officers dean shrunk lowness dew sandy prologue armies suspicion eighty advance thankfulness albany ended experience halt doubted wert kingdom fiend directed pair perhaps 
</text>
</listitem>
<listitem>
<text>
prayer odds rend condemn conrade swearing dispos losses boar little from thought different couch respected human robe dictynna later pays edward babe distemper bards damned mayst sustain while self alcibiades listen weak soil <keyword> view presume loggets feed </keyword> afoot yields erection balthasar fathers datchet thankless lear cause evil cheerfully instance tarried because cough ancient testimony tarquin cousin reported porter beastly jade bark sex slack lear devil devoured amiable mason moss shoulders labour meanest feign eggs encount forbid enobarbus halters nam emilia fiends bearing food inheritor wiser <emph> hedge </emph> functions there capital greasy dark crush your sequest between devout thou strikes demand dost reverent conference least told ado modena jealousy nunnery mistrust nightly worthy closes tall proudly fierce receive nearness safer jacks shut dire mates wind unfortunate monsieur parcels sauced extremities throat dog empty treasury etc detested stand taxations edges mourner sue knavery unlook perseus diadem heartily peer tut compounded art reconcile study thought cockatrice money pity intend thing claud edmund throws torments ropes contrive story slain advise lecher ardea relics keeping treads buckingham defences lag neighbour ourself marshal disordered moderate venus afeard article rot hazards craft crowns <emph> plainness patient </emph> lying knowledge diseases meritorious medicine instead lid happy without them bands answer 
</text>
</listitem>
</parlist>
</description>
<shipping>Will ship only within country</shipping>
<incategory category="category0"/>
<incategory category="category0"/>
<incategory category="category0"/>
<incategory category="category0"/>
<incategory category="category0"/>
<incategory category="category0"/>
<incategory category="category0"/>
<incategory category="category0"/>
<mailbox>
</mailbox>
</item>
</europe>
<namerica>
<item id="item4">
<location>United States</location>
<quantity>1</quantity>
<name>unsur brutish </name>
<payment>Money order, Creditcard</payment>
<description>
<parlist>
<listitem>
<text>
prepar likelihood eagle body walk borachio month writing left speed patents coach through protectorship congruent confusion favours following populous garden henceforth shoots function fourscore mangled favorably slain secretly vice distinguish bardolph content hence boy worse bring usurers stew beard longed creep hid pursuivant beholders senators son mercutio woo bestow trumpet excess muffler pick ugly felt causes remove adding tear often rounds underbearing tree purer kibes endless women benefit throw <emph> claim firmness <keyword> arrived sees wrestled multitude repent preventions infamy reproof shalt hearted prais knave doubtless </keyword> deny </emph> merely grave voluble late loath digest horn slave hunger stronger amazed salt killing ross cry dry tongue kiss yields auspicious quietness perpetual ways 
</text>
</listitem>
<listitem>
<text>
court mean returning brook creatures appointed paunches henry sights west prunes flutes regiment seems bed musicians slumber post friendship prevention abreast wouldst words vexation builds unfelt holly walk inform moods deck bulk begin action school nobles antique people unkennel stomach into petitions jack assail yongrey ages betimes golden sink droop kernel hoppedance perfection weight <emph> whining safe english rod other featur </emph> betwixt orator across amiss mine guests guard yon willing remit longing goneril visitation honey 
</text>
</listitem>
</parlist>
</description>
<shipping>Will ship only within country, Buyer pays fixed shipping charges, See description for charges</shipping>
<incategory category="category0"/>
<incategory category="category0"/>
<incategory category="category0"/>
<mailbox>
<mail>
<from>Honari Castan mailto:Castan@uni-muenchen.de</from>
<to>Maz Lucky mailto:Lucky@washington.edu</to>
<date>01/24/1998</date>
<text>
scene disposition substance prick counsel start temples 
</text>
</mail>
</mailbox>
</item>
</namerica>
<samerica>
<item id="item5">
<location>United States</location>
<quantity>1</quantity>
<name>nakedness </name>
<payment>Creditcard, Personal Check, Cash</payment>
<description>
<text>
music sift kissing design airy office dismantled hope reconcil combat wert quite translate overcome unthrifty <emph> fell othello <bold> wolf entreat audaciously down sands sports pilgrimage duellist league holiday cheek that tables merrily knot selves ionia impure </bold> prophet draw throwing solemn yonder </emph> rightful foam worthless polack veronesa antony beget thereby carry untread hales 
</text>
</description>
<shipping>Will ship only within country, Will ship internationally</shipping>
<incategory category="category0"/>
<incategory category="category0"/>
<incategory category="category0"/>
<incategory category="category0"/>
<mailbox>
</mailbox>
</item>
</samerica>
</regions>
<categories>
<category id="category0">
<name>dispatch reported dotard holofernes </name>
<description>
<parlist>
<listitem>
<text>
shift carrion doubtful strangle sounding crowned troubled naked yesterday overthrow owe silent recount waters derive sans four 
</text>
</listitem>
<listitem>
<parlist>
<listitem>
<text>
fragment pamper arthur thrive wound fouler streets preventions obey vow bawds myrtle said infinite montague fierce sense ride souls commended gainsay profession labour intents persuade alter 
</text>
</listitem>
<listitem>
<text>
ord villain wore thunder congeal pawned alack customary deny faithful top office spoken please neighbour office afternoon drum embowell touch sue lifeless leapt called weary congregation yield 
</text>
</listitem>
<listitem>
<text>
mental fatal hard ancient stands cor dishes therein gramercy discipline farewell dire tricks protest cut horatio brother speech sleeping adultress pitch cave liv nurse drink state plants combating desired requir rebellion afraid repented tree scald stopp wine advise undermine norfolk vilely whet scars companions hanging foolish scene musty fruitful unburthen teacher garments betimes sight now for oaths vouchsafe particulars globe laertes afflictions rouse once news humanity buck destroy military lucius lap <keyword> considered forc mourning verona </keyword> waters triumphing officer hastily <emph> resign subject figure hay thwart written signs gout bred distance period glove players change folly </emph> going wat lost song hautboys pick business crocodile leading cave twice frenzy sprightly dislike invite forbids morn devour ambassador seldom speak tickling rejoice triumphant ascanius forward 
</text>
</listitem>
</parlist>
</listitem>
</parlist>
</description>
</category>
</categories>
<catgraph>
<edge from="category0" to="category0"/>
</catgraph>
<people>
<person id="person0">
<name>Jaak Tempesti</name>
<emailaddress>mailto:Tempesti@labs.com</emailaddress>
<phone>+0 (873) 14873867</phone>
<homepage>http://www.labs.com/~Tempesti</homepage>
<creditcard>5048 5813 2703 8253</creditcard>
<watches>
<watch open_auction="open_auction0"/>
</watches>
</person>
</people>
<open_auctions>
<open_auction id="open_auction0">
<initial>13.56</initial>
<reserve>33.78</reserve>
<bidder>
<date>10/22/2001</date>
<time>10:21:43</time>
<personref person="person0"/>
<increase>55.50</increase>
</bidder>
<bidder>
<date>07/27/2001</date>
<time>12:36:50</time>
<personref person="person0"/>
<increase>19.50</increase>
</bidder>
<bidder>
<date>02/14/2000</date>
<time>16:40:16</time>
<personref person="person0"/>
<increase>19.50</increase>
</bidder>
<bidder>
<date>05/09/2001</date>
<time>11:39:57</time>
<personref person="person0"/>
<increase>30.00</increase>
</bidder>
<bidder>
<date>07/12/1999</date>
<time>23:20:27</time>
<personref person="person0"/>
<increase>13.50</increase>
</bidder>
<bidder>
<date>10/21/2001</date>
<time>01:19:47</time>
<personref person="person0"/>
<increase>3.00</increase>
</bidder>
<bidder>
<date>09/28/2001</date>
<time>17:03:24</time>
<personref person="person0"/>
<increase>6.00</increase>
</bidder>
<bidder>
<date>11/15/1999</date>
<time>14:23:15</time>
<personref person="person0"/>
<increase>9.00</increase>
</bidder>
<bidder>
<date>01/02/1998</date>
<time>22:18:07</time>
<personref person="person0"/>
<increase>1.50</increase>
</bidder>
<bidder>
<date>12/24/2001</date>
<time>16:46:32</time>
<personref person="person0"/>
<increase>13.50</increase>
</bidder>
<bidder>
<date>08/12/2000</date>
<time>11:41:54</time>
<personref person="person0"/>
<increase>3.00</increase>
</bidder>
<bidder>
<date>11/15/2000</date>
<time>15:53:40</time>
<personref person="person0"/>
<increase>6.00</increase>
</bidder>
<bidder>
<date>03/04/2000</date>
<time>20:46:15</time>
<personref person="person0"/>
<increase>16.50</increase>
</bidder>
<bidder>
<date>07/22/1998</date>
<time>10:34:11</time>
<personref person="person0"/>
<increase>25.50</increase>
</bidder>
<bidder>
<date>04/01/1998</date>
<time>10:44:22</time>
<personref person="person0"/>
<increase>7.50</increase>
</bidder>
<current>243.06</current>
<itemref item="item0"/>
<seller person="person0"/>
<annotation>
<author person="person0"/>
<description>
<text>
debauch corpse canons domain night forsake yea satisfy between fume were monsters ear players moreover ungentleness sorrows prouder tonight favours rome bastard unshown excellence journey loves swearing proceeds stone buck battle breathless kindness prophesy entomb urging rogues hector conquer provoke nothing raw wight places needy feasted romeo rivers worser occupation brook stoops brooch plucks level samp tent windsor rubs whereof beam signior built suff heavy dull husbands roman favour urge spear gone wolf cheeks execute resolv such horrid drives provide twice spoke trade friar taking pheasant sentenc scarf corrections brothers charge spur ass agamemnon truepenny saves roots practis impatient diest didest starv seeing beneath interpose gods home black forgot snuff dress dozen napkins <emph> countess northumberland headlong needless angry pleading </emph> better joy <emph> meagre </emph> reap enquire crab wales died violent rear past liberty <emph> braggart armour infer bankrupt winds teeth </emph> case wore pouch crows cognition <keyword> reports expedition free chief cressida hearsed </keyword> loath monuments silent congregation soon farm doct ross susan ready empty dedicate shilling whole soul foot beseech higher lifeless hay postmaster distress disposition <bold> inherits </bold> marcus betters pitch betray beam corse player quality ros conduct thersites greediness boast pilgrims startles contented belch hung thus captain early blood par brook jul gain needs above ensign grapes revelling glean thank 
</text>
</description>
<happiness>6</happiness>
</annotation>
<quantity>1</quantity>
<type>Regular</type>
<interval>
<start>06/16/1999</start>
<end>05/12/2001</end>
</interval>
</open_auction>
</open_auctions>
<closed_auctions>
<closed_auction>
<seller person="person0"/>
<buyer person="person0"/>
<itemref item="item1"/>
<price>113.87</price>
<date>06/06/2000</date>
<quantity>1</quantity>
<type>Regular</type>
<annotation>
<author person="person0"/>
<description>
<parlist>
<listitem>
<parlist>
<listitem>
<text>
farewells religion fetch bells rage names valued exeunt soul albans ungently advised serving ratcliff braggarts knowest desp sheep died repeat toy corrupted michael help dunghill trembles pill reap office early secure desires hated garland carriage impatient deserts feel challenger evil <bold> editions depart laur hereford richer </bold> 
</text>
</listitem>
<listitem>
<text>
proudest lust approve rey should spectacles fiery perfect worshipp foul quod yes remorse young tyburn thrust attending spear shun doctor wild 
</text>
</listitem>
</parlist>
</listitem>
<listitem>
<text>
throng grandam awak helpless ventidius tread defeat teem durst wonderful attaint chaste sees fulfill mortality arme expedient attendants themselves performed leading sing villain skill store mischief see consciences sail text speed sons spleen die oft girl atomies commodity honor fall stopp they 
</text>
</listitem>
<listitem>
<text>
rain pays spilling rancour reasons grieves camp bachelor crow can whom soldiers growth invite less for vaughan properties <keyword> record penury herself reasons merits villainous whereupon wrote penny mar </keyword> preventions followed best eternity bestow blots rocks barnardine torn cassio tailor fame forfeit triumphant conceived deem cowardly merciful topgallant flint purgation whosoever ventidius befits forever bankrupt choughs stains certain violated burgundy shadows possesseth men repent predominant burns revelry swore prodigious next tyrant oath noses apart balth trade feasting field importunity expect experience kingly stay babe hopes liege astonished suspicion unmannerd alexander crown soil committed god stately incensed trance oracle slowness fast princes damned corn grandsire change tender end fields slain palm softly samp shore notion herod messengers horseman <bold> riggish </bold> quirks shut thence beware jewels sland preventions has sells assails influences oppression pow maggot caught methought mechanical durst liker not seat <emph> assigns flesh made his third <keyword> seemeth </keyword> peril gain they stroke forsworn scape full determin professes commons </emph> lordship clear operation practice pyrrhus earnest broke devil posterity company text misbegotten oregon strike saw arthur earnestly brow popilius ugly serves presentation commandment metal comparing thereon true secretly gallows preventions horridly slack lieutenant hers stop clown rosalinde wed pretty wildly 
</text>
</listitem>
</parlist>
</description>
<happiness>9</happiness>
</annotation>
</closed_auction>
<closed_auction>
<seller person="person0"/>
<buyer person="person0"/>
<itemref item="item2"/>
<price>96.92</price>
<date>12/05/2001</date>
<quantity>1</quantity>
<type>Featured</type>
<annotation>
<author person="person0"/>
<description>
<text>
hitherto queen painted seat fords clay recall countryman divided delicate mocking active bills filth pledge surrender madness sufficiency moved converse goot claw show edmundsbury torment tough fish mediators tarquin pyrrhus <keyword> heathen </keyword> 
</text>
</description>
<happiness>6</happiness>
</annotation>
</closed_auction>
<closed_auction>
<seller person="person0"/>
<buyer person="person0"/>
<itemref item="item3"/>
<price>53.85</price>
<date>05/11/1999</date>
<quantity>1</quantity>
<type>Featured</type>
<annotation>
<author person="person0"/>
<description>
<text>
strives occasion question sticks shall ingenious sinews liquid ashy gentlewomen authority assay hole selves living near doting modest wiltshire mocker eton profess forgeries butt wade lawful maccabaeus wert forced succeeding becomes wayward got 
</text>
</description>
<happiness>6</happiness>
</annotation>
</closed_auction>
<closed_auction>
<seller person="person0"/>
<buyer person="person0"/>
<itemref item="item4"/>
<price>123.52</price>
<date>02/11/1999</date>
<quantity>1</quantity>
<type>Regular</type>
<annotation>
<author person="person0"/>
<description>
<text>
vowed keys imperial were swinstead forsake cat aliena spies crave requite forfeit doctor <emph> possess </emph> aught demand ceremonies obscure engross hero restraint bolingbroke neighbour crimes dominions common turns conduct wav therewithal abandon yet hunger 
</text>
</description>
<happiness>5</happiness>
</annotation>
</closed_auction>
<closed_auction>
<seller person="person0"/>
<buyer person="person0"/>
<itemref item="item5"/>
<price>96.06</price>
<date>04/24/1999</date>
<quantity>2</quantity>
<type>Featured</type>
<annotation>
<author person="person0"/>
<description>
<text>
jove superiors prolong which conspirator crowns fellowship indisposition skins filthy divers fault apparell worthiness supposition parchment restitution rings rages remains lass dependent pelican contrive paradoxes unmask desdemona weak pleases shame wisely cheek poison avoid ulysses exeunt answer smoothing punishment much anointed bloody shook here armado supply four digestion unresisted consummate glou ding figure made unwrung worst repute envious meanest read nan stake shriek tower nights armed drinking instant scruple citizens rightful nonino shame hills dismal other fasting attends judge aspire hand putting repeal grounds bestrid commission crave mess tarries sport view freely lame done intend cast shun kills presented body landed question hem same burdens plenty esteem weak sigh sunday body preventions revenge horses cleomenes thrust what albeit foolishly mirror gently mock allow index evils should consider deeds suit damsons willoughby thousand number morn banish barricado unfolding perhaps gently stalk degree oblivion wars monsieur companies swords shifted clay strives frozen jour <emph> ajax states mark parcels advertised utterly virtue flatter sleeping ope </emph> lucilius tybalt glow killed account obdurate kindly <bold> heart light bosom garden cog yet daughters tott </bold> lifted offer 
</text>
</description>
<happiness>4</happiness>
</annotation>
</closed_auction>
</closed_auctions>
</site>
